Date	Visitor	Home
2026-03-01	Vegas Golden Knights	Pittsburgh Penguins
2026-03-01	Chicago Blackhawks	Utah Mammoth
2026-03-01	Winnipeg Jets	San Jose Sharks
2026-03-01	St. Louis Blues	Minnesota Wild
2026-03-01	Florida Panthers	New York Islanders
2026-03-01	Calgary Flames	Anaheim Ducks
2026-03-02	Detroit Red Wings	Nashville Predators
2026-03-02	Columbus Blue Jackets	New York Rangers
2026-03-02	Philadelphia Flyers	Toronto Maple Leafs
2026-03-02	Dallas Stars	Vancouver Canucks
2026-03-02	Carolina Hurricanes	Seattle Kraken
2026-03-02	Colorado Avalanche	Los Angeles Kings
2026-03-03	Pittsburgh Penguins	Boston Bruins
2026-03-03	Vegas Golden Knights	Buffalo Sabres
2026-03-03	Florida Panthers	New Jersey Devils
2026-03-03	Utah Mammoth	Washington Capitals
2026-03-03	Nashville Predators	Columbus Blue Jackets
2026-03-03	Chicago Blackhawks	Winnipeg Jets
2026-03-03	Dallas Stars	Calgary Flames
2026-03-03	Ottawa Senators	Edmonton Oilers
2026-03-03	Tampa Bay Lightning	Minnesota Wild
2026-03-03	Colorado Avalanche	Anaheim Ducks
2026-03-03	Montreal Canadiens	San Jose Sharks
2026-03-04	Vegas Golden Knights	Detroit Red Wings
2026-03-04	Toronto Maple Leafs	New Jersey Devils
2026-03-04	Carolina Hurricanes	Vancouver Canucks
2026-03-04	New York Islanders	Anaheim Ducks
2026-03-04	St. Louis Blues	Seattle Kraken
2026-03-05	Toronto Maple Leafs	New York Rangers
2026-03-05	Utah Mammoth	Philadelphia Flyers
2026-03-05	Buffalo Sabres	Pittsburgh Penguins
2026-03-05	Florida Panthers	Columbus Blue Jackets
2026-03-05	Boston Bruins	Nashville Predators
2026-03-05	Tampa Bay Lightning	Winnipeg Jets
2026-03-05	Ottawa Senators	Calgary Flames
2026-03-05	New York Islanders	Los Angeles Kings
2026-03-06	Florida Panthers	Detroit Red Wings
2026-03-06	Colorado Avalanche	Dallas Stars
2026-03-06	Vancouver Canucks	Chicago Blackhawks
2026-03-06	Carolina Hurricanes	Edmonton Oilers
2026-03-06	Montreal Canadiens	Anaheim Ducks
2026-03-06	Minnesota Wild	Vegas Golden Knights
2026-03-06	St. Louis Blues	San Jose Sharks
2026-03-07	Washington Capitals	Boston Bruins
2026-03-07	New York Rangers	New Jersey Devils
2026-03-07	Nashville Predators	Buffalo Sabres
2026-03-07	Philadelphia Flyers	Pittsburgh Penguins
2026-03-07	Tampa Bay Lightning	Toronto Maple Leafs
2026-03-07	Utah Mammoth	Columbus Blue Jackets
2026-03-07	Vancouver Canucks	Winnipeg Jets
2026-03-07	Montreal Canadiens	Los Angeles Kings
2026-03-07	Carolina Hurricanes	Calgary Flames
2026-03-07	New York Islanders	San Jose Sharks
2026-03-07	Ottawa Senators	Seattle Kraken
2026-03-08	Minnesota Wild	Colorado Avalanche
2026-03-08	Boston Bruins	Pittsburgh Penguins
2026-03-08	Tampa Bay Lightning	Buffalo Sabres
2026-03-08	Chicago Blackhawks	Dallas Stars
2026-03-08	Detroit Red Wings	New Jersey Devils
2026-03-08	St. Louis Blues	Anaheim Ducks
2026-03-08	Edmonton Oilers	Vegas Golden Knights
2026-03-09	Los Angeles Kings	Columbus Blue Jackets
2026-03-09	New York Rangers	Philadelphia Flyers
2026-03-09	Calgary Flames	Washington Capitals
2026-03-09	Utah Mammoth	Chicago Blackhawks
2026-03-09	Ottawa Senators	Vancouver Canucks
2026-03-10	Los Angeles Kings	Boston Bruins
2026-03-10	San Jose Sharks	Buffalo Sabres
2026-03-10	Toronto Maple Leafs	Montreal Canadiens
2026-03-10	Columbus Blue Jackets	Tampa Bay Lightning
2026-03-10	Detroit Red Wings	Florida Panthers
2026-03-10	Calgary Flames	New York Rangers
2026-03-10	Pittsburgh Penguins	Carolina Hurricanes
2026-03-10	New York Islanders	St. Louis Blues
2026-03-10	Vegas Golden Knights	Dallas Stars
2026-03-10	Utah Mammoth	Minnesota Wild
2026-03-10	Anaheim Ducks	Winnipeg Jets
2026-03-10	Edmonton Oilers	Colorado Avalanche
2026-03-10	Nashville Predators	Seattle Kraken
2026-03-11	Montreal Canadiens	Ottawa Senators
2026-03-11	Washington Capitals	Philadelphia Flyers
2026-03-12	San Jose Sharks	Boston Bruins
2026-03-12	Washington Capitals	Buffalo Sabres
2026-03-12	Anaheim Ducks	Toronto Maple Leafs
2026-03-12	Detroit Red Wings	Tampa Bay Lightning
2026-03-12	Columbus Blue Jackets	Florida Panthers
2026-03-12	Calgary Flames	New Jersey Devils
2026-03-12	St. Louis Blues	Carolina Hurricanes
2026-03-12	Edmonton Oilers	Dallas Stars
2026-03-12	Philadelphia Flyers	Minnesota Wild
2026-03-12	New York Rangers	Winnipeg Jets
2026-03-12	Chicago Blackhawks	Utah Mammoth
2026-03-12	Nashville Predators	Vancouver Canucks
2026-03-12	Pittsburgh Penguins	Vegas Golden Knights
2026-03-12	Colorado Avalanche	Seattle Kraken
2026-03-13	Los Angeles Kings	New York Islanders
2026-03-13	Edmonton Oilers	St. Louis Blues
2026-03-14	Anaheim Ducks	Ottawa Senators
2026-03-14	Boston Bruins	Washington Capitals
2026-03-14	Colorado Avalanche	Winnipeg Jets
2026-03-14	New York Rangers	Minnesota Wild
2026-03-14	Toronto Maple Leafs	Buffalo Sabres
2026-03-14	San Jose Sharks	Montreal Canadiens
2026-03-14	Carolina Hurricanes	Tampa Bay Lightning
2026-03-14	Los Angeles Kings	New Jersey Devils
2026-03-14	Calgary Flames	New York Islanders
2026-03-14	Columbus Blue Jackets	Philadelphia Flyers
2026-03-14	Detroit Red Wings	Dallas Stars
2026-03-14	Pittsburgh Penguins	Utah Mammoth
2026-03-14	Seattle Kraken	Vancouver Canucks
2026-03-14	Chicago Blackhawks	Vegas Golden Knights
2026-03-15	St. Louis Blues	Winnipeg Jets
2026-03-15	San Jose Sharks	Ottawa Senators
2026-03-15	Anaheim Ducks	Montreal Canadiens
2026-03-15	Toronto Maple Leafs	Minnesota Wild
2026-03-15	Nashville Predators	Edmonton Oilers
2026-03-15	Florida Panthers	Seattle Kraken
2026-03-16	Calgary Flames	Detroit Red Wings
2026-03-16	Boston Bruins	New Jersey Devils
2026-03-16	Los Angeles Kings	New York Rangers
2026-03-16	Utah Mammoth	Dallas Stars
2026-03-16	Pittsburgh Penguins	Colorado Avalanche
2026-03-17	New York Islanders	Toronto Maple Leafs
2026-03-17	Boston Bruins	Montreal Canadiens
2026-03-17	Carolina Hurricanes	Columbus Blue Jackets
2026-03-17	Minnesota Wild	Chicago Blackhawks
2026-03-17	Nashville Predators	Winnipeg Jets
2026-03-17	San Jose Sharks	Edmonton Oilers
2026-03-17	Florida Panthers	Vancouver Canucks
2026-03-17	Buffalo Sabres	Vegas Golden Knights
2026-03-17	Tampa Bay Lightning	Seattle Kraken
2026-03-18	New Jersey Devils	New York Rangers
2026-03-18	Pittsburgh Penguins	Carolina Hurricanes
2026-03-18	Ottawa Senators	Washington Capitals
2026-03-18	Dallas Stars	Colorado Avalanche
2026-03-18	St. Louis Blues	Calgary Flames
2026-03-18	Philadelphia Flyers	Anaheim Ducks
2026-03-19	Winnipeg Jets	Boston Bruins
2026-03-19	New York Islanders	Ottawa Senators
2026-03-19	Montreal Canadiens	Detroit Red Wings
2026-03-19	New York Rangers	Columbus Blue Jackets
2026-03-19	Chicago Blackhawks	Minnesota Wild
2026-03-19	Seattle Kraken	Nashville Predators
2026-03-19	Florida Panthers	Edmonton Oilers
2026-03-19	Tampa Bay Lightning	Vancouver Canucks
2026-03-19	Utah Mammoth	Vegas Golden Knights
2026-03-19	Buffalo Sabres	San Jose Sharks
2026-03-19	Philadelphia Flyers	Los Angeles Kings
2026-03-20	Carolina Hurricanes	Toronto Maple Leafs
2026-03-20	New Jersey Devils	Washington Capitals
2026-03-20	Colorado Avalanche	Chicago Blackhawks
2026-03-20	Florida Panthers	Calgary Flames
2026-03-20	Anaheim Ducks	Utah Mammoth
2026-03-21	Winnipeg Jets	Pittsburgh Penguins
2026-03-21	Vegas Golden Knights	Nashville Predators
2026-03-21	Dallas Stars	Minnesota Wild
2026-03-21	Buffalo Sabres	Los Angeles Kings
2026-03-21	Philadelphia Flyers	San Jose Sharks
2026-03-21	Seattle Kraken	Columbus Blue Jackets
2026-03-21	New York Islanders	Montreal Canadiens
2026-03-21	Toronto Maple Leafs	Ottawa Senators
2026-03-21	St. Louis Blues	Vancouver Canucks
2026-03-21	Boston Bruins	Detroit Red Wings
2026-03-21	Tampa Bay Lightning	Edmonton Oilers
2026-03-22	Winnipeg Jets	New York Rangers
2026-03-22	Colorado Avalanche	Washington Capitals
2026-03-22	Carolina Hurricanes	Pittsburgh Penguins
2026-03-22	Nashville Predators	Chicago Blackhawks
2026-03-22	Columbus Blue Jackets	New York Islanders
2026-03-22	Vegas Golden Knights	Dallas Stars
2026-03-22	Tampa Bay Lightning	Calgary Flames
2026-03-22	Buffalo Sabres	Anaheim Ducks
2026-03-22	Los Angeles Kings	Utah Mammoth
2026-03-23	Ottawa Senators	New York Rangers
2026-03-24	Toronto Maple Leafs	Boston Bruins
2026-03-24	Carolina Hurricanes	Montreal Canadiens
2026-03-24	Ottawa Senators	Detroit Red Wings
2026-03-24	Seattle Kraken	Florida Panthers
2026-03-24	Chicago Blackhawks	New York Islanders
2026-03-24	Columbus Blue Jackets	Philadelphia Flyers
2026-03-24	Colorado Avalanche	Pittsburgh Penguins
2026-03-24	Minnesota Wild	Tampa Bay Lightning
2026-03-24	Washington Capitals	St. Louis Blues
2026-03-24	San Jose Sharks	Nashville Predators
2026-03-24	New Jersey Devils	Dallas Stars
2026-03-24	Vegas Golden Knights	Winnipeg Jets
2026-03-24	Los Angeles Kings	Calgary Flames
2026-03-24	Edmonton Oilers	Utah Mammoth
2026-03-24	Anaheim Ducks	Vancouver Canucks
2026-03-25	Boston Bruins	Buffalo Sabres
2026-03-25	New York Rangers	Toronto Maple Leafs
2026-03-26	Columbus Blue Jackets	Montreal Canadiens
2026-03-26	Pittsburgh Penguins	Ottawa Senators
2026-03-26	Seattle Kraken	Tampa Bay Lightning
2026-03-26	Minnesota Wild	Florida Panthers
2026-03-26	Dallas Stars	New York Islanders
2026-03-26	Chicago Blackhawks	Philadelphia Flyers
2026-03-26	San Jose Sharks	St. Louis Blues
2026-03-26	New Jersey Devils	Nashville Predators
2026-03-26	Colorado Avalanche	Winnipeg Jets
2026-03-26	Washington Capitals	Utah Mammoth
2026-03-26	Anaheim Ducks	Calgary Flames
2026-03-26	Edmonton Oilers	Vegas Golden Knights
2026-03-26	Los Angeles Kings	Vancouver Canucks
2026-03-27	Detroit Red Wings	Buffalo Sabres
2026-03-27	Chicago Blackhawks	New York Rangers
2026-03-28	Ottawa Senators	Tampa Bay Lightning
2026-03-28	Florida Panthers	New York Islanders
2026-03-28	Anaheim Ducks	Edmonton Oilers
2026-03-28	Minnesota Wild	Boston Bruins
2026-03-28	Dallas Stars	Pittsburgh Penguins
2026-03-28	New Jersey Devils	Carolina Hurricanes
2026-03-28	San Jose Sharks	Columbus Blue Jackets
2026-03-28	Seattle Kraken	Buffalo Sabres
2026-03-28	Toronto Maple Leafs	St. Louis Blues
2026-03-28	Montreal Canadiens	Nashville Predators
2026-03-28	Winnipeg Jets	Colorado Avalanche
2026-03-28	Philadelphia Flyers	Detroit Red Wings
2026-03-28	Utah Mammoth	Los Angeles Kings
2026-03-28	Vancouver Canucks	Calgary Flames
2026-03-28	Washington Capitals	Vegas Golden Knights
2026-03-29	Florida Panthers	New York Rangers
2026-03-29	Nashville Predators	Tampa Bay Lightning
2026-03-29	Montreal Canadiens	Carolina Hurricanes
2026-03-29	Boston Bruins	Columbus Blue Jackets
2026-03-29	Chicago Blackhawks	New Jersey Devils
2026-03-29	Dallas Stars	Philadelphia Flyers
2026-03-30	Pittsburgh Penguins	New York Islanders
2026-03-30	Calgary Flames	Colorado Avalanche
2026-03-30	Vancouver Canucks	Vegas Golden Knights
2026-03-30	Toronto Maple Leafs	Anaheim Ducks
2026-03-30	St. Louis Blues	San Jose Sharks
2026-03-31	Dallas Stars	Boston Bruins
2026-03-31	New York Islanders	Buffalo Sabres
2026-03-31	Montreal Canadiens	Tampa Bay Lightning
2026-03-31	Ottawa Senators	Florida Panthers
2026-03-31	New Jersey Devils	New York Rangers
2026-03-31	Detroit Red Wings	Pittsburgh Penguins
2026-03-31	Philadelphia Flyers	Washington Capitals
2026-03-31	Carolina Hurricanes	Columbus Blue Jackets
2026-03-31	Winnipeg Jets	Chicago Blackhawks
2026-03-31	Seattle Kraken	Edmonton Oilers
2026-04-01	Vancouver Canucks	Colorado Avalanche
2026-04-01	St. Louis Blues	Los Angeles Kings
2026-04-01	Anaheim Ducks	San Jose Sharks
2026-04-02	Buffalo Sabres	Ottawa Senators
2026-04-02	Pittsburgh Penguins	Tampa Bay Lightning
2026-04-02	Boston Bruins	Florida Panthers
2026-04-02	Montreal Canadiens	New York Rangers
2026-04-02	Detroit Red Wings	Philadelphia Flyers
2026-04-02	Columbus Blue Jackets	Carolina Hurricanes
2026-04-02	Washington Capitals	New Jersey Devils
2026-04-02	Winnipeg Jets	Dallas Stars
2026-04-02	Vancouver Canucks	Minnesota Wild
2026-04-02	Chicago Blackhawks	Edmonton Oilers
2026-04-02	Calgary Flames	Vegas Golden Knights
2026-04-02	Toronto Maple Leafs	San Jose Sharks
2026-04-02	Utah Mammoth	Seattle Kraken
2026-04-02	Nashville Predators	Los Angeles Kings
2026-04-03	Philadelphia Flyers	New York Islanders
2026-04-03	St. Louis Blues	Anaheim Ducks
2026-04-04	Detroit Red Wings	New York Rangers
2026-04-04	Minnesota Wild	Ottawa Senators
2026-04-04	Colorado Avalanche	Dallas Stars
2026-04-04	Boston Bruins	Tampa Bay Lightning
2026-04-04	Florida Panthers	Pittsburgh Penguins
2026-04-04	Montreal Canadiens	New Jersey Devils
2026-04-04	Buffalo Sabres	Washington Capitals
2026-04-04	New York Islanders	Carolina Hurricanes
2026-04-04	Winnipeg Jets	Columbus Blue Jackets
2026-04-04	Utah Mammoth	Vancouver Canucks
2026-04-04	Toronto Maple Leafs	Los Angeles Kings
2026-04-04	Vegas Golden Knights	Edmonton Oilers
2026-04-04	Calgary Flames	Anaheim Ducks
2026-04-04	Nashville Predators	San Jose Sharks
2026-04-04	Chicago Blackhawks	Seattle Kraken
2026-04-05	Minnesota Wild	Detroit Red Wings
2026-04-05	Florida Panthers	Pittsburgh Penguins
2026-04-05	Boston Bruins	Philadelphia Flyers
2026-04-05	Carolina Hurricanes	Ottawa Senators
2026-04-05	New Jersey Devils	Montreal Canadiens
2026-04-05	Washington Capitals	New York Rangers
2026-04-05	St. Louis Blues	Colorado Avalanche
2026-04-06	Tampa Bay Lightning	Buffalo Sabres
2026-04-06	Seattle Kraken	Winnipeg Jets
2026-04-06	Chicago Blackhawks	San Jose Sharks
2026-04-06	Nashville Predators	Los Angeles Kings
2026-04-07	Florida Panthers	Montreal Canadiens
2026-04-07	Tampa Bay Lightning	Ottawa Senators
2026-04-07	Columbus Blue Jackets	Detroit Red Wings
2026-04-07	Philadelphia Flyers	New Jersey Devils
2026-04-07	Boston Bruins	Carolina Hurricanes
2026-04-07	Colorado Avalanche	St. Louis Blues
2026-04-07	Calgary Flames	Dallas Stars
2026-04-07	Seattle Kraken	Minnesota Wild
2026-04-07	Edmonton Oilers	Utah Mammoth
2026-04-07	Vegas Golden Knights	Vancouver Canucks
2026-04-07	Nashville Predators	Anaheim Ducks
2026-04-08	Buffalo Sabres	New York Rangers
2026-04-08	Washington Capitals	Toronto Maple Leafs
2026-04-08	Edmonton Oilers	San Jose Sharks
2026-04-09	Toronto Maple Leafs	New York Islanders
2026-04-09	Columbus Blue Jackets	Buffalo Sabres
2026-04-09	Tampa Bay Lightning	Montreal Canadiens
2026-04-09	Florida Panthers	Ottawa Senators
2026-04-09	Philadelphia Flyers	Detroit Red Wings
2026-04-09	Pittsburgh Penguins	New Jersey Devils
2026-04-09	Winnipeg Jets	St. Louis Blues
2026-04-09	Carolina Hurricanes	Chicago Blackhawks
2026-04-09	Minnesota Wild	Dallas Stars
2026-04-09	Calgary Flames	Colorado Avalanche
2026-04-09	Nashville Predators	Utah Mammoth
2026-04-09	San Jose Sharks	Anaheim Ducks
2026-04-09	Vegas Golden Knights	Seattle Kraken
2026-04-09	Vancouver Canucks	Los Angeles Kings
2026-04-11	Tampa Bay Lightning	Boston Bruins
2026-04-11	Ottawa Senators	New York Islanders
2026-04-11	Washington Capitals	Pittsburgh Penguins
2026-04-11	Edmonton Oilers	Los Angeles Kings
2026-04-11	New Jersey Devils	Detroit Red Wings
2026-04-11	St. Louis Blues	Chicago Blackhawks
2026-04-11	Minnesota Wild	Nashville Predators
2026-04-11	New York Rangers	Dallas Stars
2026-04-11	Carolina Hurricanes	Utah Mammoth
2026-04-11	Florida Panthers	Toronto Maple Leafs
2026-04-11	Columbus Blue Jackets	Montreal Canadiens
2026-04-11	Philadelphia Flyers	Winnipeg Jets
2026-04-11	Calgary Flames	Seattle Kraken
2026-04-11	Vegas Golden Knights	Colorado Avalanche
2026-04-11	Vancouver Canucks	San Jose Sharks
2026-04-12	Pittsburgh Penguins	Washington Capitals
2026-04-12	Montreal Canadiens	New York Islanders
2026-04-12	Boston Bruins	Columbus Blue Jackets
2026-04-12	Ottawa Senators	New Jersey Devils
2026-04-12	Vancouver Canucks	Anaheim Ducks
2026-04-12	Utah Mammoth	Calgary Flames
2026-04-13	Detroit Red Wings	Tampa Bay Lightning
2026-04-13	New York Rangers	Florida Panthers
2026-04-13	Carolina Hurricanes	Philadelphia Flyers
2026-04-13	Dallas Stars	Toronto Maple Leafs
2026-04-13	Minnesota Wild	St. Louis Blues
2026-04-13	San Jose Sharks	Nashville Predators
2026-04-13	Buffalo Sabres	Chicago Blackhawks
2026-04-13	Colorado Avalanche	Edmonton Oilers
2026-04-13	Los Angeles Kings	Seattle Kraken
2026-04-13	Winnipeg Jets	Vegas Golden Knights
2026-04-14	New Jersey Devils	Boston Bruins
2026-04-14	Carolina Hurricanes	New York Islanders
2026-04-14	Montreal Canadiens	Philadelphia Flyers
2026-04-14	Washington Capitals	Columbus Blue Jackets
2026-04-14	Anaheim Ducks	Minnesota Wild
2026-04-14	Winnipeg Jets	Utah Mammoth
2026-04-14	Colorado Avalanche	Calgary Flames
2026-04-14	Pittsburgh Penguins	St. Louis Blues
2026-04-14	Los Angeles Kings	Vancouver Canucks
2026-04-15	Dallas Stars	Buffalo Sabres
2026-04-15	New York Rangers	Tampa Bay Lightning
2026-04-15	Detroit Red Wings	Florida Panthers
2026-04-15	Toronto Maple Leafs	Ottawa Senators
2026-04-15	San Jose Sharks	Chicago Blackhawks
2026-04-15	Seattle Kraken	Vegas Golden Knights
2026-04-16	Anaheim Ducks	Nashville Predators
2026-04-16	San Jose Sharks	Winnipeg Jets
2026-04-16	St. Louis Blues	Utah Mammoth
2026-04-16	Los Angeles Kings	Calgary Flames
2026-04-16	Vancouver Canucks	Edmonton Oilers
2026-04-16	Seattle Kraken	Colorado Avalanche
